,Topic,Count,Name,Representation
0,0,69,0_body_part_targets_note_id,"['body_part', 'targets', 'note', 'id', 'category', 'the', 'name', 'and', 'table', 'to']",
1,1,58,1_taxamount_import_rate_id,"['taxamount', 'import', 'rate', 'id', 'public', 'error', 'the', 'new', 'com', 'method']",
2,2,66,2_state_the_component_to,"['state', 'the', 'component', 'to', 'is', 'and', 'this', 'react', 'function', 'you']",
3,3,77,3_de_en_to_and,"['de', 'en', 'to', 'and', 'your', 'the', 'server', 'you', 'user', 'for']",
4,4,43,4_the_vectors_approximately_numpy,"['the', 'vectors', 'approximately', 'numpy', 'took', 'seconds', 'of', 'optimized', 'function', 'for']",
5,5,44,5_and_of_to_the,"['and', 'of', 'to', 'the', 'for', 'in', 'getkey', 'blog', 'post', 'you']",
6,6,60,6_typescript_type_you_your,"['typescript', 'type', 'you', 'your', 'to', 'the', 'can', 'and', 'module', 'in']",
7,7,47,7_text_75_md_the,"['text', '75', 'md', 'the', 'to', 'flex', 'style', 'extern', 'div', 'font']",
8,8,39,8_the_github_config_to,"['the', 'github', 'config', 'to', 'and', 'repository', 'null', 'this', 'changes', 'commit']",
9,9,36,9_th_java_org_at,"['th', 'java', 'org', 'at', 'order', 'springframework', 'class', 'ordershipping', 'o1_0', 'td']",
10,10,39,10_000000_the_off_pattern,"['000000', 'the', 'off', 'pattern', 'encoding', 'ff0000', 'in', 'to', 'of', 'segments']",
11,11,36,11_hz_the_int_next,"['hz', 'the', 'int', 'next', 'of', 'code', 'arr', 'if', 'temp', 'array']",
12,12,38,12_and_of_the_to,"['and', 'of', 'the', 'to', 'for', 'in', 'financial', 'key', 'be', 'with']",
13,13,37,13_of_the_and_in,"['of', 'the', 'and', 'in', 'model', 'to', 'models', 'tree', 'is', 'python3']",
14,14,29,14_product_form_get_query,"['product', 'form', 'get', 'query', 'productwithcategoryname', 'root', 'name', 'builder', 'shop', 'category']",
15,15,30,15_int_std_cout_string,"['int', 'std', 'cout', 'string', 'the', 'code', 'vector', 'for', 'endl', 'of']",
16,16,24,16_packages_venv_webui_satisfied,"['packages', 'venv', 'webui', 'satisfied', 'stable', 'requirement', 'diffusion', 'site', 'lib', 'mmcv']",
17,17,25,17_game_grid_the_rikishi,"['game', 'grid', 'the', 'rikishi', 'user', 'document', 'localstorage', 'picks', 'js', 'test']",
18,18,36,18_script_the_mouse_is,"['script', 'the', 'mouse', 'is', 'of', 'to', 'this', 'in', 'command', 'it']",
19,19,27,19_docker_container_the_to,"['docker', 'container', 'the', 'to', 'jenkins', 'jekyll', 'your', 'you', 'dockerfile', 'in']",
20,20,82,20_the_to_you_your,"['the', 'to', 'you', 'your', 'and', 'in', 'that', 'can', 'file', 'is']",
21,21,27,21_test_tests_the_testing,"['test', 'tests', 'the', 'testing', 'to', 'jest', 'and', 'your', 'you', 'for']",
22,22,16,22_ct_resistance_and_ou,"['ct', 'resistance', 'and', 'ou', 'cadence', 'values', 'data', 'the', 'csv', 'bank']",
23,23,16,23_de_pour_les_le,"['de', 'pour', 'les', 'le', 'et', 'des', 'la', 'que', 'une', 'dans']",
24,24,19,24_graph_std_the_algorithm,"['graph', 'std', 'the', 'algorithm', 'nodes', 'node', 'and', 'geospatial', 'to', 'vector']",
25,25,23,25_image_et_des_self,"['image', 'et', 'des', 'self', 'thematique', 'the', '01', 'usage', '10', 'face']",
26,26,22,26_github_workflow_actions_your,"['github', 'workflow', 'actions', 'your', 'sie', 'secrets', 'to', 'repository', 'the', 'in']",
27,27,20,27_demos_js_pm2_your,"['demos', 'js', 'pm2', 'your', 'package', 'port', 'node_modules', 'hackon189', 'module', 'handlebars']",
28,28,14,28_sensor_ndef_00_serial,"['sensor', 'ndef', '00', 'serial', 'oled', 'nfc', 'println', 'ff', '16', 'card']",
29,29,19,29_url_page_the_to,"['url', 'page', 'the', 'to', 'extracts', 'from', 'web', 'all', 'in', 'plugin']",
30,30,14,30_el_button_countdown_startstopbtn,"['el', 'button', 'countdown', 'startstopbtn', '00', 'botón', 'cuenta', 'atrás', 'en', 'la']",
31,31,14,31_distributions_the_dataset_features,"['distributions', 'the', 'dataset', 'features', 'of', 'values', 'income', 'target', 'missing', 'and']",
